{
  "name": "root",
  "gauges": [
    {
      "name": "SnakeBrain.mean_reward",
      "value": 0.0,
      "min": 0.0,
      "max": 0.0,
      "count": 1
    }
  ],
  "total": 37.5115468,
  "count": 1,
  "self": 8.33784469999997,
  "children": [
    {
      "name": "TrainerController.advance",
      "total": 29.17370210000003,
      "count": 1259,
      "self": 0.6503373000000394,
      "children": [
        {
          "name": "env_step",
          "total": 28.52336479999999,
          "count": 1259,
          "self": 27.801008800000073,
          "children": [
            {
              "name": "SubprocessEnvManager._take_step",
              "total": 0.7135098999999974,
              "count": 1259,
              "self": 0.015927600000035902,
              "children": [
                {
                  "name": "PPOPolicy.evaluate",
                  "total": 0.6975822999999615,
                  "count": 1259,
                  "self": 0.6975822999999615
                }
              ]
            },
            {
              "name": "workers",
              "total": 0.008846099999919588,
              "count": 1258,
              "self": 0.0,
              "children": [
                {
                  "name": "worker_root",
                  "total": 14.816708100000014,
                  "count": 1258,
                  "is_parallel": true,
                  "self": 7.0056551999999925,
                  "children": [
                    {
                      "name": "UnityEnvironment.step",
                      "total": 7.811052900000021,
                      "count": 1258,
                      "is_parallel": true,
                      "self": 1.821413500000011,
                      "children": [
                        {
                          "name": "UnityEnvironment._generate_step_input",
                          "total": 0.04043940000000923,
                          "count": 1258,
                          "is_parallel": true,
                          "self": 0.04043940000000923
                        },
                        {
                          "name": "communicator.exchange",
                          "total": 5.949200000000001,
                          "count": 1258,
                          "is_parallel": true,
                          "self": 5.949200000000001
                        }
                      ]
                    }
                  ]
                }
              ]
            }
          ]
        }
      ]
    }
  ]
}