{
  "name": "root",
  "total": 11.8313694,
  "count": 1,
  "self": 11.8313694
}