{
  "name": "root",
  "gauges": [
    {
      "name": "SnakeBrain.mean_reward",
      "value": 0.0,
      "min": 0.0,
      "max": 0.3042171597480774,
      "count": 2
    }
  ],
  "total": 63.8448517,
  "count": 1,
  "self": 5.773407000000127,
  "children": [
    {
      "name": "TrainerController.advance",
      "total": 58.07144469999987,
      "count": 2532,
      "self": 0.8592385999997703,
      "children": [
        {
          "name": "env_step",
          "total": 57.2122061000001,
          "count": 2532,
          "self": 56.025294999999865,
          "children": [
            {
              "name": "SubprocessEnvManager._take_step",
              "total": 1.1683747000001263,
              "count": 2532,
              "self": 0.033212000000113484,
              "children": [
                {
                  "name": "PPOPolicy.evaluate",
                  "total": 1.1351627000000128,
                  "count": 2532,
                  "self": 1.1351627000000128
                }
              ]
            },
            {
              "name": "workers",
              "total": 0.018536400000110476,
              "count": 2531,
              "self": 0.0,
              "children": [
                {
                  "name": "worker_root",
                  "total": 60.8622044,
                  "count": 2531,
                  "is_parallel": true,
                  "self": 5.998470800000028,
                  "children": [
                    {
                      "name": "UnityEnvironment.step",
                      "total": 54.863733599999975,
                      "count": 2531,
                      "is_parallel": true,
                      "self": 0.47732679999986516,
                      "children": [
                        {
                          "name": "UnityEnvironment._generate_step_input",
                          "total": 0.092200000000072,
                          "count": 2531,
                          "is_parallel": true,
                          "self": 0.092200000000072
                        },
                        {
                          "name": "communicator.exchange",
                          "total": 54.29420680000004,
                          "count": 2531,
                          "is_parallel": true,
                          "self": 54.29420680000004
                        }
                      ]
                    }
                  ]
                }
              ]
            }
          ]
        }
      ]
    }
  ]
}