{
  "name": "root",
  "gauges": [
    {
      "name": "SnakeBrain.mean_reward",
      "value": 0.0,
      "min": 0.0,
      "max": 0.0,
      "count": 5
    }
  ],
  "total": 53.8763648,
  "count": 1,
  "self": 7.332753300000043,
  "children": [
    {
      "name": "TrainerController.advance",
      "total": 46.543611499999955,
      "count": 5942,
      "self": 3.1951888999997493,
      "children": [
        {
          "name": "env_step",
          "total": 43.348422600000205,
          "count": 5942,
          "self": 39.479660700000245,
          "children": [
            {
              "name": "SubprocessEnvManager._take_step",
              "total": 3.826033000000079,
              "count": 5942,
              "self": 0.08421109999975585,
              "children": [
                {
                  "name": "PPOPolicy.evaluate",
                  "total": 3.741821900000323,
                  "count": 5942,
                  "self": 3.741821900000323
                }
              ]
            },
            {
              "name": "workers",
              "total": 0.0427288999998785,
              "count": 5941,
              "self": 0.0,
              "children": [
                {
                  "name": "worker_root",
                  "total": 49.89433529999987,
                  "count": 5941,
                  "is_parallel": true,
                  "self": 13.455494099999903,
                  "children": [
                    {
                      "name": "UnityEnvironment.step",
                      "total": 36.43884119999996,
                      "count": 5941,
                      "is_parallel": true,
                      "self": 8.840000799999657,
                      "children": [
                        {
                          "name": "UnityEnvironment._generate_step_input",
                          "total": 0.22413620000027867,
                          "count": 5941,
                          "is_parallel": true,
                          "self": 0.22413620000027867
                        },
                        {
                          "name": "communicator.exchange",
                          "total": 27.37470420000003,
                          "count": 5941,
                          "is_parallel": true,
                          "self": 27.37470420000003
                        }
                      ]
                    }
                  ]
                }
              ]
            }
          ]
        }
      ]
    }
  ]
}