{
  "name": "root",
  "gauges": [
    {
      "name": "SnakeBrain.mean_reward",
      "value": 0.07777777810891469,
      "min": 0.012500000186264515,
      "max": 0.13125000102445483,
      "count": 7
    }
  ],
  "total": 87.891091,
  "count": 1,
  "self": 7.3414587000003735,
  "children": [
    {
      "name": "TrainerController.advance",
      "total": 80.54963229999963,
      "count": 7750,
      "self": 3.0783693999999144,
      "children": [
        {
          "name": "env_step",
          "total": 77.47126289999972,
          "count": 7750,
          "self": 73.90924269999951,
          "children": [
            {
              "name": "SubprocessEnvManager._take_step",
              "total": 3.5010761000000388,
              "count": 7750,
              "self": 0.10679700000008552,
              "children": [
                {
                  "name": "PPOPolicy.evaluate",
                  "total": 3.3942790999999533,
                  "count": 7750,
                  "self": 3.3942790999999533
                }
              ]
            },
            {
              "name": "workers",
              "total": 0.060944100000168255,
              "count": 7749,
              "self": 0.0,
              "children": [
                {
                  "name": "worker_root",
                  "total": 84.76763149999985,
                  "count": 7749,
                  "is_parallel": true,
                  "self": 14.34051629999982,
                  "children": [
                    {
                      "name": "UnityEnvironment.step",
                      "total": 70.42711520000003,
                      "count": 7749,
                      "is_parallel": true,
                      "self": 1.2419659000009915,
                      "children": [
                        {
                          "name": "UnityEnvironment._generate_step_input",
                          "total": 0.24530079999942522,
                          "count": 7749,
                          "is_parallel": true,
                          "self": 0.24530079999942522
                        },
                        {
                          "name": "communicator.exchange",
                          "total": 68.93984849999961,
                          "count": 7749,
                          "is_parallel": true,
                          "self": 68.93984849999961
                        }
                      ]
                    }
                  ]
                }
              ]
            }
          ]
        }
      ]
    }
  ]
}