{
  "name": "root",
  "total": 16.5686163,
  "count": 1,
  "self": 16.5686163
}