{
  "name": "root",
  "gauges": [
    {
      "name": "SnakeBrain.mean_reward",
      "value": 0.007462778594344854,
      "min": 0.007462778594344854,
      "max": 0.6363961100578308,
      "count": 3
    }
  ],
  "total": 210.6277195,
  "count": 1,
  "self": 4.680804899999032,
  "children": [
    {
      "name": "TrainerController.advance",
      "total": 205.94691460000098,
      "count": 9051,
      "self": 3.1602772000015023,
      "children": [
        {
          "name": "env_step",
          "total": 202.78663739999948,
          "count": 9051,
          "self": 198.58782249999908,
          "children": [
            {
              "name": "SubprocessEnvManager._take_step",
              "total": 4.12817499999942,
              "count": 9051,
              "self": 0.12809209999939597,
              "children": [
                {
                  "name": "PPOPolicy.evaluate",
                  "total": 4.000082900000024,
                  "count": 9051,
                  "self": 4.000082900000024
                }
              ]
            },
            {
              "name": "workers",
              "total": 0.0706399000009772,
              "count": 9050,
              "self": 0.0,
              "children": [
                {
                  "name": "worker_root",
                  "total": 199.91074170000013,
                  "count": 9050,
                  "is_parallel": true,
                  "self": 12.986558699999676,
                  "children": [
                    {
                      "name": "UnityEnvironment.step",
                      "total": 186.92418300000045,
                      "count": 9050,
                      "is_parallel": true,
                      "self": 1.684289800000954,
                      "children": [
                        {
                          "name": "UnityEnvironment._generate_step_input",
                          "total": 0.31448959999989556,
                          "count": 9050,
                          "is_parallel": true,
                          "self": 0.31448959999989556
                        },
                        {
                          "name": "communicator.exchange",
                          "total": 184.9254035999996,
                          "count": 9050,
                          "is_parallel": true,
                          "self": 184.9254035999996
                        }
                      ]
                    }
                  ]
                }
              ]
            }
          ]
        }
      ]
    }
  ]
}