{
  "name": "root",
  "gauges": [
    {
      "name": "SnakeBrain.mean_reward",
      "value": 0.0,
      "min": 0.0,
      "max": 0.0,
      "count": 1
    }
  ],
  "total": 45.754900299999996,
  "count": 1,
  "self": 9.763196,
  "children": [
    {
      "name": "TrainerController.advance",
      "total": 35.991704299999995,
      "count": 1892,
      "self": 0.9531777999999491,
      "children": [
        {
          "name": "env_step",
          "total": 35.038526500000046,
          "count": 1892,
          "self": 33.88849530000002,
          "children": [
            {
              "name": "SubprocessEnvManager._take_step",
              "total": 1.1369096000000383,
              "count": 1892,
              "self": 0.02561609999997927,
              "children": [
                {
                  "name": "PPOPolicy.evaluate",
                  "total": 1.111293500000059,
                  "count": 1892,
                  "self": 1.111293500000059
                }
              ]
            },
            {
              "name": "workers",
              "total": 0.013121599999990963,
              "count": 1891,
              "self": 0.0,
              "children": [
                {
                  "name": "worker_root",
                  "total": 20.295936900000076,
                  "count": 1891,
                  "is_parallel": true,
                  "self": 9.441132900000065,
                  "children": [
                    {
                      "name": "UnityEnvironment.step",
                      "total": 10.85480400000001,
                      "count": 1891,
                      "is_parallel": true,
                      "self": 2.7831756999999566,
                      "children": [
                        {
                          "name": "UnityEnvironment._generate_step_input",
                          "total": 0.06679720000003986,
                          "count": 1891,
                          "is_parallel": true,
                          "self": 0.06679720000003986
                        },
                        {
                          "name": "communicator.exchange",
                          "total": 8.004831100000015,
                          "count": 1891,
                          "is_parallel": true,
                          "self": 8.004831100000015
                        }
                      ]
                    }
                  ]
                }
              ]
            }
          ]
        }
      ]
    }
  ]
}