{
  "name": "root",
  "gauges": [
    {
      "name": "SnakeBrain.mean_reward",
      "value": 0.32795992586761713,
      "min": 0.12727922201156616,
      "max": 0.32795992586761713,
      "count": 4
    }
  ],
  "total": 132.05945590000002,
  "count": 1,
  "self": 5.132299899999325,
  "children": [
    {
      "name": "TrainerController.advance",
      "total": 126.92715600000069,
      "count": 12026,
      "self": 3.6138429000001935,
      "children": [
        {
          "name": "env_step",
          "total": 123.3133131000005,
          "count": 12026,
          "self": 117.95957940000118,
          "children": [
            {
              "name": "SubprocessEnvManager._take_step",
              "total": 5.269656099999192,
              "count": 12026,
              "self": 0.1539204999989927,
              "children": [
                {
                  "name": "PPOPolicy.evaluate",
                  "total": 5.1157356000002,
                  "count": 12026,
                  "self": 5.1157356000002
                }
              ]
            },
            {
              "name": "workers",
              "total": 0.08407760000012754,
              "count": 12025,
              "self": 0.0,
              "children": [
                {
                  "name": "worker_root",
                  "total": 125.95048910000102,
                  "count": 12025,
                  "is_parallel": true,
                  "self": 16.072641700001327,
                  "children": [
                    {
                      "name": "UnityEnvironment.step",
                      "total": 109.8778473999997,
                      "count": 12025,
                      "is_parallel": true,
                      "self": 2.3150133999988896,
                      "children": [
                        {
                          "name": "UnityEnvironment._generate_step_input",
                          "total": 0.4095373000000564,
                          "count": 12025,
                          "is_parallel": true,
                          "self": 0.4095373000000564
                        },
                        {
                          "name": "communicator.exchange",
                          "total": 107.15329670000075,
                          "count": 12025,
                          "is_parallel": true,
                          "self": 107.15329670000075
                        }
                      ]
                    }
                  ]
                }
              ]
            }
          ]
        }
      ]
    }
  ]
}