{
  "name": "root",
  "gauges": [
    {
      "name": "SnakeBrain.mean_reward",
      "value": -0.10000002384185791,
      "min": -0.9555521607398987,
      "max": -0.10000002384185791,
      "count": 3
    }
  ],
  "total": 261.5844236,
  "count": 1,
  "self": 4.899486399999148,
  "children": [
    {
      "name": "TrainerController.advance",
      "total": 256.68493720000083,
      "count": 11417,
      "self": 4.127385500000855,
      "children": [
        {
          "name": "env_step",
          "total": 252.55755169999998,
          "count": 11417,
          "self": 247.20583950000054,
          "children": [
            {
              "name": "SubprocessEnvManager._take_step",
              "total": 5.256909200000657,
              "count": 11417,
              "self": 0.15920870000085596,
              "children": [
                {
                  "name": "PPOPolicy.evaluate",
                  "total": 5.097700499999801,
                  "count": 11417,
                  "self": 5.097700499999801
                }
              ]
            },
            {
              "name": "workers",
              "total": 0.09480299999878561,
              "count": 11416,
              "self": 0.0,
              "children": [
                {
                  "name": "worker_root",
                  "total": 256.3998001000005,
                  "count": 11416,
                  "is_parallel": true,
                  "self": 16.530152399997746,
                  "children": [
                    {
                      "name": "UnityEnvironment.step",
                      "total": 239.86964770000276,
                      "count": 11416,
                      "is_parallel": true,
                      "self": 2.185991800000437,
                      "children": [
                        {
                          "name": "UnityEnvironment._generate_step_input",
                          "total": 0.4382644000008915,
                          "count": 11416,
                          "is_parallel": true,
                          "self": 0.4382644000008915
                        },
                        {
                          "name": "communicator.exchange",
                          "total": 237.24539150000143,
                          "count": 11416,
                          "is_parallel": true,
                          "self": 237.24539150000143
                        }
                      ]
                    }
                  ]
                }
              ]
            }
          ]
        }
      ]
    }
  ]
}