{
  "name": "root",
  "gauges": [
    {
      "name": "SnakeBrain.mean_reward",
      "value": 0.0,
      "min": 0.0,
      "max": 0.0,
      "count": 1
    }
  ],
  "total": 58.866881,
  "count": 1,
  "self": 8.216912699999995,
  "children": [
    {
      "name": "TrainerController.advance",
      "total": 50.649968300000005,
      "count": 1940,
      "self": 1.0944505999999805,
      "children": [
        {
          "name": "env_step",
          "total": 49.555517700000024,
          "count": 1940,
          "self": 47.91503600000004,
          "children": [
            {
              "name": "SubprocessEnvManager._take_step",
              "total": 1.6217492999999825,
              "count": 1940,
              "self": 0.034461300000026895,
              "children": [
                {
                  "name": "PPOPolicy.evaluate",
                  "total": 1.5872879999999556,
                  "count": 1940,
                  "self": 1.5872879999999556
                }
              ]
            },
            {
              "name": "workers",
              "total": 0.018732399999998428,
              "count": 1939,
              "self": 0.0,
              "children": [
                {
                  "name": "worker_root",
                  "total": 32.77706959999995,
                  "count": 1939,
                  "is_parallel": true,
                  "self": 8.392184200000056,
                  "children": [
                    {
                      "name": "UnityEnvironment.step",
                      "total": 24.38488539999989,
                      "count": 1939,
                      "is_parallel": true,
                      "self": 3.184877299999787,
                      "children": [
                        {
                          "name": "UnityEnvironment._generate_step_input",
                          "total": 0.09361250000006116,
                          "count": 1939,
                          "is_parallel": true,
                          "self": 0.09361250000006116
                        },
                        {
                          "name": "communicator.exchange",
                          "total": 21.106395600000045,
                          "count": 1939,
                          "is_parallel": true,
                          "self": 21.106395600000045
                        }
                      ]
                    }
                  ]
                }
              ]
            }
          ]
        }
      ]
    }
  ]
}