{
  "name": "root",
  "gauges": [
    {
      "name": "SnakeBrain.mean_reward",
      "value": 379.87146419949,
      "min": 350.1172907212201,
      "max": 379.87146419949,
      "count": 2
    }
  ],
  "total": 41.3549151,
  "count": 1,
  "self": 8.507667600000055,
  "children": [
    {
      "name": "TrainerController.advance",
      "total": 32.847247499999945,
      "count": 2519,
      "self": 1.3790447000001116,
      "children": [
        {
          "name": "env_step",
          "total": 31.468202799999833,
          "count": 2519,
          "self": 30.051150799999988,
          "children": [
            {
              "name": "SubprocessEnvManager._take_step",
              "total": 1.3912725999998914,
              "count": 2519,
              "self": 0.044775899999756064,
              "children": [
                {
                  "name": "PPOPolicy.evaluate",
                  "total": 1.3464967000001353,
                  "count": 2519,
                  "self": 1.3464967000001353
                }
              ]
            },
            {
              "name": "workers",
              "total": 0.025779399999954933,
              "count": 2518,
              "self": 0.0,
              "children": [
                {
                  "name": "worker_root",
                  "total": 37.697684299999956,
                  "count": 2518,
                  "is_parallel": true,
                  "self": 9.135735099999952,
                  "children": [
                    {
                      "name": "UnityEnvironment.step",
                      "total": 28.561949200000004,
                      "count": 2518,
                      "is_parallel": true,
                      "self": 0.5692973000000592,
                      "children": [
                        {
                          "name": "UnityEnvironment._generate_step_input",
                          "total": 0.1036136999999746,
                          "count": 2518,
                          "is_parallel": true,
                          "self": 0.1036136999999746
                        },
                        {
                          "name": "communicator.exchange",
                          "total": 27.88903819999997,
                          "count": 2518,
                          "is_parallel": true,
                          "self": 27.88903819999997
                        }
                      ]
                    }
                  ]
                }
              ]
            }
          ]
        }
      ]
    }
  ]
}